s.no,productId,entityId,acquisitionDate,cloudCover,processingLevel,path,row,min_lat,min_lon,max_lat,max_lon,download_url
664,LC08_L1TP_097075_20200102_20200102_01_RT,LC80970752020002LGN00,30:10.9,9.63,L1TP,97,75,-22.73857,141.23995,-20.6217,143.49525,https://s3-us-west-2.amazonaws.com/landsat-pds/c1/L8/097/075/LC08_L1TP_097075_20200102_20200102_01_RT/index.html
10095,LC08_L1TP_097075_20200102_20200113_01_T1,LC80970752020002LGN00,30:10.9,9.59,L1TP,97,75,-22.73857,141.23995,-20.6217,143.49525,https://s3-us-west-2.amazonaws.com/landsat-pds/c1/L8/097/075/LC08_L1TP_097075_20200102_20200113_01_T1/index.html
2405,LC08_L1TP_175075_20200104_20200104_01_RT,LC81750752020004LGN00,32:14.3,16.09,L1TP,175,75,-22.7331,20.72926,-20.62167,22.97556,https://s3-us-west-2.amazonaws.com/landsat-pds/c1/L8/175/075/LC08_L1TP_175075_20200104_20200104_01_RT/index.html
9569,LC08_L1TP_175075_20200104_20200113_01_T1,LC81750752020004LGN00,32:14.3,16.06,L1TP,175,75,-22.7331,20.72926,-20.62167,22.97556,https://s3-us-west-2.amazonaws.com/landsat-pds/c1/L8/175/075/LC08_L1TP_175075_20200104_20200113_01_T1/index.html
2715,LC08_L1TP_070075_20200104_20200104_01_RT,LC80700752020004LGN00,43:18.6,7.44,L1TP,70,75,-22.73333,-177.03993,-20.62187,-174.79381,https://s3-us-west-2.amazonaws.com/landsat-pds/c1/L8/070/075/LC08_L1TP_070075_20200104_20200104_01_RT/index.html
9326,LC08_L1TP_070075_20200104_20200113_01_T1,LC80700752020004LGN00,43:18.6,7.44,L1TP,70,75,-22.73333,-177.03993,-20.62187,-174.79381,https://s3-us-west-2.amazonaws.com/landsat-pds/c1/L8/070/075/LC08_L1TP_070075_20200104_20200113_01_T1/index.html
3393,LC08_L1GT_109075_20200106_20200106_01_RT,LC81090752020006LGN00,44:20.1,99.97,L1GT,109,75,-22.73305,122.70297,-20.62162,124.94636,https://s3-us-west-2.amazonaws.com/landsat-pds/c1/L8/109/075/LC08_L1GT_109075_20200106_20200106_01_RT/index.html
5306,LC08_L1TP_171075_20200108_20200108_01_RT,LC81710752020008LGN00,07:30.5,11.12,L1TP,171,75,-22.7333,26.90748,-20.62185,29.15656,https://s3-us-west-2.amazonaws.com/landsat-pds/c1/L8/171/075/LC08_L1TP_171075_20200108_20200108_01_RT/index.html
11884,LC08_L1TP_171075_20200108_20200114_01_T1,LC81710752020008LGN00,07:30.5,11.11,L1TP,171,75,-22.7333,26.90748,-20.62185,29.15656,https://s3-us-west-2.amazonaws.com/landsat-pds/c1/L8/171/075/LC08_L1TP_171075_20200108_20200114_01_T1/index.html
6465,LC08_L1TP_105075_20200110_20200110_01_RT,LC81050752020010LGN00,19:36.2,2.63,L1TP,105,75,-22.73329,128.88119,-20.62183,131.13029,https://s3-us-west-2.amazonaws.com/landsat-pds/c1/L8/105/075/LC08_L1TP_105075_20200110_20200110_01_RT/index.html
11013,LC08_L1TP_105075_20200110_20200114_01_T1,LC81050752020010LGN00,19:36.2,2.62,L1TP,105,75,-22.73329,128.88119,-20.62183,131.13029,https://s3-us-west-2.amazonaws.com/landsat-pds/c1/L8/105/075/LC08_L1TP_105075_20200110_20200114_01_T1/index.html
7128,LC08_L1TP_233075_20200110_20200110_01_RT,LC82330752020010LGN00,30:40.5,12.05,L1TP,233,75,-22.736,-68.88674,-20.62183,-66.63322,https://s3-us-west-2.amazonaws.com/landsat-pds/c1/L8/233/075/LC08_L1TP_233075_20200110_20200110_01_RT/index.html
11325,LC08_L1TP_233075_20200110_20200114_01_T1,LC82330752020010LGN00,30:40.5,12.05,L1TP,233,75,-22.736,-68.88674,-20.62183,-66.63322,https://s3-us-west-2.amazonaws.com/landsat-pds/c1/L8/233/075/LC08_L1TP_233075_20200110_20200114_01_T1/index.html
8132,LC08_L1TP_167075_20200112_20200112_01_RT,LC81670752020012LGN00,42:46.5,46.33,L1TP,167,75,-22.73602,33.08734,-20.62185,35.34051,https://s3-us-west-2.amazonaws.com/landsat-pds/c1/L8/167/075/LC08_L1TP_167075_20200112_20200112_01_RT/index.html
23860,LC08_L1TP_167075_20200112_20200127_01_T1,LC81670752020012LGN00,42:46.5,46.77,L1TP,167,75,-22.73602,33.08734,-20.62185,35.34051,https://s3-us-west-2.amazonaws.com/landsat-pds/c1/L8/167/075/LC08_L1TP_167075_20200112_20200127_01_T1/index.html
8479,LC08_L1GT_062075_20200112_20200112_01_RT,LC80620752020012LGN00,53:50.8,16.34,L1GT,62,75,-22.73843,-164.68519,-20.62158,-162.42887,https://s3-us-west-2.amazonaws.com/landsat-pds/c1/L8/062/075/LC08_L1GT_062075_20200112_20200112_01_RT/index.html
8666,LC08_L1GT_078075_20200112_20200113_01_RT,LC80780752020012LGN00,32:43.7,44.68,L1GT,78,75,-22.73011,170.5978,-20.62142,172.84121,https://s3-us-west-2.amazonaws.com/landsat-pds/c1/L8/078/075/LC08_L1GT_078075_20200112_20200113_01_RT/index.html
10679,LC08_L1TP_101075_20200114_20200114_01_RT,LC81010752020014LGN00,54:52.1,0.39,L1TP,101,75,-22.73603,135.06143,-20.62186,137.31132,https://s3-us-west-2.amazonaws.com/landsat-pds/c1/L8/101/075/LC08_L1TP_101075_20200114_20200114_01_RT/index.html
23058,LC08_L1TP_101075_20200114_20200127_01_T1,LC81010752020014LGN00,54:52.1,0.39,L1TP,101,75,-22.73603,135.06143,-20.62186,137.31132,https://s3-us-west-2.amazonaws.com/landsat-pds/c1/L8/101/075/LC08_L1TP_101075_20200114_20200127_01_T1/index.html
13037,LC08_L1TP_229075_20200114_20200114_01_RT,LC82290752020014LGN00,05:56.4,10.53,L1TP,229,75,-22.73848,-62.70822,-20.62162,-60.45222,https://s3-us-west-2.amazonaws.com/landsat-pds/c1/L8/229/075/LC08_L1TP_229075_20200114_20200114_01_RT/index.html
23436,LC08_L1TP_229075_20200114_20200127_01_T1,LC82290752020014LGN00,05:56.4,10.53,L1TP,229,75,-22.73848,-62.70822,-20.62162,-60.45222,https://s3-us-west-2.amazonaws.com/landsat-pds/c1/L8/229/075/LC08_L1TP_229075_20200114_20200127_01_T1/index.html
14076,LC08_L1GT_163075_20200116_20200116_01_RT,LC81630752020016LGN00,18:02.3,90.05,L1GT,163,75,-22.73852,39.26586,-20.62167,41.52152,https://s3-us-west-2.amazonaws.com/landsat-pds/c1/L8/163/075/LC08_L1GT_163075_20200116_20200116_01_RT/index.html
15332,LC08_L1TP_097075_20200118_20200118_01_RT,LC80970752020018LGN00,30:07.9,0.02,L1TP,97,75,-22.73857,141.23995,-20.6217,143.49233,https://s3-us-west-2.amazonaws.com/landsat-pds/c1/L8/097/075/LC08_L1TP_097075_20200118_20200118_01_RT/index.html
25767,LC08_L1TP_097075_20200118_20200128_01_T1,LC80970752020018LGN00,30:07.9,0.02,L1TP,97,75,-22.73857,141.23995,-20.6217,143.49233,https://s3-us-west-2.amazonaws.com/landsat-pds/c1/L8/097/075/LC08_L1TP_097075_20200118_20200128_01_T1/index.html
17182,LC08_L1TP_175075_20200120_20200120_01_RT,LC81750752020020LGN00,32:11.1,3.74,L1TP,175,75,-22.7331,20.72634,-20.62166,22.97556,https://s3-us-west-2.amazonaws.com/landsat-pds/c1/L8/175/075/LC08_L1TP_175075_20200120_20200120_01_RT/index.html
24996,LC08_L1TP_175075_20200120_20200128_01_T1,LC81750752020020LGN00,32:11.1,3.75,L1TP,175,75,-22.7331,20.72634,-20.62166,22.97556,https://s3-us-west-2.amazonaws.com/landsat-pds/c1/L8/175/075/LC08_L1TP_175075_20200120_20200128_01_T1/index.html
17514,LC08_L1TP_070075_20200120_20200120_01_RT,LC80700752020020LGN00,43:15.3,11.98,L1TP,70,75,-22.73333,-177.03993,-20.62187,-174.79381,https://s3-us-west-2.amazonaws.com/landsat-pds/c1/L8/070/075/LC08_L1TP_070075_20200120_20200120_01_RT/index.html
24796,LC08_L1TP_070075_20200120_20200128_01_T1,LC80700752020020LGN00,43:15.3,11.99,L1TP,70,75,-22.73333,-177.03993,-20.62187,-174.79381,https://s3-us-west-2.amazonaws.com/landsat-pds/c1/L8/070/075/LC08_L1TP_070075_20200120_20200128_01_T1/index.html
18745,LC08_L1TP_109075_20200122_20200122_01_RT,LC81090752020022LGN00,44:16.6,0.21,L1TP,109,75,-22.73034,122.70297,-20.62162,124.94632,https://s3-us-west-2.amazonaws.com/landsat-pds/c1/L8/109/075/LC08_L1TP_109075_20200122_20200122_01_RT/index.html
24227,LC08_L1TP_109075_20200122_20200128_01_T1,LC81090752020022LGN00,44:16.6,0.21,L1TP,109,75,-22.73034,122.70297,-20.62162,124.94632,https://s3-us-west-2.amazonaws.com/landsat-pds/c1/L8/109/075/LC08_L1TP_109075_20200122_20200128_01_T1/index.html
20355,LC08_L1TP_171075_20200124_20200124_01_RT,LC81710752020024LGN00,07:26.6,56.49,L1TP,171,75,-22.73331,26.9104,-20.62185,29.15948,https://s3-us-west-2.amazonaws.com/landsat-pds/c1/L8/171/075/LC08_L1TP_171075_20200124_20200124_01_RT/index.html
28094,LC08_L1TP_171075_20200124_20200128_01_T1,LC81710752020024LGN00,07:26.6,56.49,L1TP,171,75,-22.73331,26.9104,-20.62185,29.15948,https://s3-us-west-2.amazonaws.com/landsat-pds/c1/L8/171/075/LC08_L1TP_171075_20200124_20200128_01_T1/index.html
21216,LC08_L1TP_105075_20200126_20200126_01_RT,LC81050752020026LGN00,19:32.0,4.49,L1TP,105,75,-22.73329,128.88411,-20.62183,131.13029,https://s3-us-west-2.amazonaws.com/landsat-pds/c1/L8/105/075/LC08_L1TP_105075_20200126_20200126_01_RT/index.html
37340,LC08_L1TP_105075_20200126_20200210_01_T1,LC81050752020026LGN00,19:32.0,4.49,L1TP,105,75,-22.73329,128.88411,-20.62183,131.13029,https://s3-us-west-2.amazonaws.com/landsat-pds/c1/L8/105/075/LC08_L1TP_105075_20200126_20200210_01_T1/index.html
21935,LC08_L1TP_233075_20200126_20200126_01_RT,LC82330752020026LGN00,30:36.2,5.55,L1TP,233,75,-22.736,-68.88386,-20.62183,-66.63322,https://s3-us-west-2.amazonaws.com/landsat-pds/c1/L8/233/075/LC08_L1TP_233075_20200126_20200126_01_RT/index.html
37598,LC08_L1TP_233075_20200126_20200210_01_T1,LC82330752020026LGN00,30:36.2,5.54,L1TP,233,75,-22.736,-68.88386,-20.62183,-66.63322,https://s3-us-west-2.amazonaws.com/landsat-pds/c1/L8/233/075/LC08_L1TP_233075_20200126_20200210_01_T1/index.html
26279,LC08_L1TP_167075_20200128_20200128_01_RT,LC81670752020028LGN00,42:42.0,53.4,L1TP,167,75,-22.73601,33.09022,-20.62185,35.34051,https://s3-us-west-2.amazonaws.com/landsat-pds/c1/L8/167/075/LC08_L1TP_167075_20200128_20200128_01_RT/index.html
36827,LC08_L1TP_167075_20200128_20200210_01_T1,LC81670752020028LGN00,42:42.0,53.4,L1TP,167,75,-22.73601,33.09022,-20.62185,35.34051,https://s3-us-west-2.amazonaws.com/landsat-pds/c1/L8/167/075/LC08_L1TP_167075_20200128_20200210_01_T1/index.html
26148,LC08_L1GT_062075_20200128_20200128_01_RT,LC80620752020028LGN00,53:46.2,9.23,L1GT,62,75,-22.73843,-164.68231,-20.62158,-162.42595,https://s3-us-west-2.amazonaws.com/landsat-pds/c1/L8/062/075/LC08_L1GT_062075_20200128_20200128_01_RT/index.html
27433,LC08_L1GT_078075_20200128_20200129_01_RT,LC80780752020028LGN00,32:39.1,75.94,L1GT,78,75,-22.73012,170.60072,-20.62142,172.84413,https://s3-us-west-2.amazonaws.com/landsat-pds/c1/L8/078/075/LC08_L1GT_078075_20200128_20200129_01_RT/index.html
28734,LC08_L1TP_101075_20200130_20200130_01_RT,LC81010752020030LGN00,54:47.4,68.28,L1TP,101,75,-22.73603,135.06431,-20.62186,137.31424,https://s3-us-west-2.amazonaws.com/landsat-pds/c1/L8/101/075/LC08_L1TP_101075_20200130_20200130_01_RT/index.html
39584,LC08_L1TP_101075_20200130_20200211_01_T1,LC81010752020030LGN00,54:47.4,68.27,L1TP,101,75,-22.73603,135.06431,-20.62186,137.31424,https://s3-us-west-2.amazonaws.com/landsat-pds/c1/L8/101/075/LC08_L1TP_101075_20200130_20200211_01_T1/index.html
29284,LC08_L1GT_229075_20200130_20200130_01_RT,LC82290752020030LGN00,05:51.5,27.69,L1GT,229,75,-22.73847,-62.70534,-20.62162,-60.4493,https://s3-us-west-2.amazonaws.com/landsat-pds/c1/L8/229/075/LC08_L1GT_229075_20200130_20200130_01_RT/index.html
30504,LC08_L1GT_163075_20200201_20200201_01_RT,LC81630752020032LGN00,17:57.2,11.52,L1GT,163,75,-22.73851,39.27162,-20.62166,41.52735,https://s3-us-west-2.amazonaws.com/landsat-pds/c1/L8/163/075/LC08_L1GT_163075_20200201_20200201_01_RT/index.html
31775,LC08_L1TP_097075_20200203_20200203_01_RT,LC80970752020034LGN00,30:02.5,9.92,L1TP,97,75,-22.73856,141.24571,-20.6217,143.49817,https://s3-us-west-2.amazonaws.com/landsat-pds/c1/L8/097/075/LC08_L1TP_097075_20200203_20200203_01_RT/index.html
38289,LC08_L1TP_097075_20200203_20200211_01_T1,LC80970752020034LGN00,30:02.5,9.92,L1TP,97,75,-22.73856,141.24571,-20.6217,143.49817,https://s3-us-west-2.amazonaws.com/landsat-pds/c1/L8/097/075/LC08_L1TP_097075_20200203_20200211_01_T1/index.html
32698,LC08_L1GT_088075_20200203_20200204_01_RT,LC80880752020034LGN00,34:24.8,11.36,L1GT,88,75,-22.73027,155.14469,-20.61256,157.35336,https://s3-us-west-2.amazonaws.com/landsat-pds/c1/L8/088/075/LC08_L1GT_088075_20200203_20200204_01_RT/index.html
34085,LC08_L1TP_175075_20200205_20200206_01_RT,LC81750752020036LGN00,32:05.5,87.14,L1TP,175,75,-22.7304,20.73219,-20.62167,22.97844,https://s3-us-west-2.amazonaws.com/landsat-pds/c1/L8/175/075/LC08_L1TP_175075_20200205_20200206_01_RT/index.html
34016,LC08_L1TP_070075_20200205_20200206_01_RT,LC80700752020036LGN00,43:09.8,4.42,L1TP,70,75,-22.73333,-177.03701,-20.62187,-174.78797,https://s3-us-west-2.amazonaws.com/landsat-pds/c1/L8/070/075/LC08_L1TP_070075_20200205_20200206_01_RT/index.html
41009,LC08_L1TP_070075_20200205_20200211_01_T1,LC80700752020036LGN00,43:09.8,4.43,L1TP,70,75,-22.73333,-177.03701,-20.62187,-174.78797,https://s3-us-west-2.amazonaws.com/landsat-pds/c1/L8/070/075/LC08_L1TP_070075_20200205_20200211_01_T1/index.html
34335,LC08_L1TP_109075_20200207_20200207_01_RT,LC81090752020038LGN00,44:11.3,13.45,L1TP,109,75,-22.73035,122.70589,-20.62163,124.94924,https://s3-us-west-2.amazonaws.com/landsat-pds/c1/L8/109/075/LC08_L1TP_109075_20200207_20200207_01_RT/index.html
40521,LC08_L1TP_109075_20200207_20200211_01_T1,LC81090752020038LGN00,44:11.3,13.45,L1TP,109,75,-22.73035,122.70589,-20.62163,124.94924,https://s3-us-west-2.amazonaws.com/landsat-pds/c1/L8/109/075/LC08_L1TP_109075_20200207_20200211_01_T1/index.html
42630,LC08_L1TP_171075_20200209_20200211_01_T1,LC81710752020040LGN00,07:21.7,80.31,L1TP,171,75,-22.73331,26.9104,-20.62185,29.15948,https://s3-us-west-2.amazonaws.com/landsat-pds/c1/L8/171/075/LC08_L1TP_171075_20200209_20200211_01_T1/index.html
42118,LC08_L1TP_105075_20200211_20200211_01_RT,LC81050752020042LGN00,19:27.4,6.98,L1TP,105,75,-22.73329,128.88411,-20.62183,131.13029,https://s3-us-west-2.amazonaws.com/landsat-pds/c1/L8/105/075/LC08_L1TP_105075_20200211_20200211_01_RT/index.html
57640,LC08_L1TP_105075_20200211_20200225_01_T1,LC81050752020042LGN00,19:27.4,6.98,L1TP,105,75,-22.73329,128.88411,-20.62183,131.13029,https://s3-us-west-2.amazonaws.com/landsat-pds/c1/L8/105/075/LC08_L1TP_105075_20200211_20200225_01_T1/index.html
42747,LC08_L1TP_233075_20200211_20200211_01_RT,LC82330752020042LGN00,30:31.7,7.9,L1TP,233,75,-22.736,-68.88386,-20.62183,-66.63322,https://s3-us-west-2.amazonaws.com/landsat-pds/c1/L8/233/075/LC08_L1TP_233075_20200211_20200211_01_RT/index.html
57895,LC08_L1TP_233075_20200211_20200225_01_T1,LC82330752020042LGN00,30:31.7,7.91,L1TP,233,75,-22.736,-68.88386,-20.62183,-66.63322,https://s3-us-west-2.amazonaws.com/landsat-pds/c1/L8/233/075/LC08_L1TP_233075_20200211_20200225_01_T1/index.html
43885,LC08_L1TP_167075_20200213_20200213_01_RT,LC81670752020044LGN00,42:37.7,48.04,L1TP,167,75,-22.73602,33.08734,-20.62185,35.33759,https://s3-us-west-2.amazonaws.com/landsat-pds/c1/L8/167/075/LC08_L1TP_167075_20200213_20200213_01_RT/index.html
44229,LC08_L1GT_062075_20200213_20200213_01_RT,LC80620752020044LGN00,53:42.0,99.99,L1GT,62,75,-22.73843,-164.68519,-20.62158,-162.42887,https://s3-us-west-2.amazonaws.com/landsat-pds/c1/L8/062/075/LC08_L1GT_062075_20200213_20200213_01_RT/index.html
44436,LC08_L1GT_078075_20200213_20200214_01_RT,LC80780752020044LGN00,32:34.9,10.23,L1GT,78,75,-22.73011,170.5978,-20.62142,172.84121,https://s3-us-west-2.amazonaws.com/landsat-pds/c1/L8/078/075/LC08_L1GT_078075_20200213_20200214_01_RT/index.html
45094,LC08_L1TP_101075_20200215_20200215_01_RT,LC81010752020046LGN00,54:43.3,0,L1TP,101,75,-22.73603,135.06143,-20.62186,137.3084,https://s3-us-west-2.amazonaws.com/landsat-pds/c1/L8/101/075/LC08_L1TP_101075_20200215_20200215_01_RT/index.html
55575,LC08_L1TP_101075_20200215_20200225_01_T1,LC81010752020046LGN00,54:43.3,0,L1TP,101,75,-22.73603,135.06143,-20.62186,137.3084,https://s3-us-west-2.amazonaws.com/landsat-pds/c1/L8/101/075/LC08_L1TP_101075_20200215_20200225_01_T1/index.html
45566,LC08_L1TP_229075_20200215_20200215_01_RT,LC82290752020046LGN00,05:47.6,94.18,L1TP,229,75,-22.73848,-62.70822,-20.62162,-60.45514,https://s3-us-west-2.amazonaws.com/landsat-pds/c1/L8/229/075/LC08_L1TP_229075_20200215_20200215_01_RT/index.html
57367,LC08_L1TP_229075_20200215_20200225_01_T1,LC82290752020046LGN00,05:47.6,94.17,L1TP,229,75,-22.73848,-62.70822,-20.62162,-60.45514,https://s3-us-west-2.amazonaws.com/landsat-pds/c1/L8/229/075/LC08_L1TP_229075_20200215_20200225_01_T1/index.html
46770,LC08_L1GT_163075_20200217_20200217_01_RT,LC81630752020048LGN00,17:53.6,4.36,L1GT,163,75,-22.73852,39.26586,-20.62167,41.5186,https://s3-us-west-2.amazonaws.com/landsat-pds/c1/L8/163/075/LC08_L1GT_163075_20200217_20200217_01_RT/index.html
46787,LC08_L1GT_163075_20200217_20200217_01_RT,LC81630752020048LGN00,17:53.6,4.36,L1GT,163,75,-22.73852,39.26586,-20.62167,41.5186,https://s3-us-west-2.amazonaws.com/landsat-pds/c1/L8/163/075/LC08_L1GT_163075_20200217_20200217_01_RT/index.html
48138,LC08_L1TP_097075_20200219_20200219_01_RT,LC80970752020050LGN00,29:59.2,20.9,L1TP,97,75,-22.73857,141.23707,-20.62171,143.48941,https://s3-us-west-2.amazonaws.com/landsat-pds/c1/L8/097/075/LC08_L1TP_097075_20200219_20200219_01_RT/index.html
59763,LC08_L1TP_097075_20200219_20200225_01_T1,LC80970752020050LGN00,29:59.2,20.9,L1TP,97,75,-22.73857,141.23707,-20.62171,143.48941,https://s3-us-west-2.amazonaws.com/landsat-pds/c1/L8/097/075/LC08_L1TP_097075_20200219_20200225_01_T1/index.html
63216,LC08_L1TP_097075_20200219_20200225_01_T1,LC80970752020050LGN00,29:59.2,20.9,L1TP,97,75,-22.73857,141.23707,-20.62171,143.48941,https://s3-us-west-2.amazonaws.com/landsat-pds/c1/L8/097/075/LC08_L1TP_097075_20200219_20200225_01_T1/index.html
66681,LC08_L1TP_097075_20200219_20200225_01_T1,LC80970752020050LGN00,29:59.2,20.9,L1TP,97,75,-22.73857,141.23707,-20.62171,143.48941,https://s3-us-west-2.amazonaws.com/landsat-pds/c1/L8/097/075/LC08_L1TP_097075_20200219_20200225_01_T1/index.html
49101,LC08_L1GT_088075_20200219_20200220_01_RT,LC80880752020050LGN00,34:21.6,10.87,L1GT,88,75,-22.73018,155.13594,-20.61237,157.3446,https://s3-us-west-2.amazonaws.com/landsat-pds/c1/L8/088/075/LC08_L1GT_088075_20200219_20200220_01_RT/index.html
50824,LC08_L1TP_175075_20200221_20200221_01_RT,LC81750752020052LGN00,32:02.3,76.9,L1TP,175,75,-22.73309,20.72342,-20.62166,22.96972,https://s3-us-west-2.amazonaws.com/landsat-pds/c1/L8/175/075/LC08_L1TP_175075_20200221_20200221_01_RT/index.html
61076,LC08_L1TP_175075_20200221_20200225_01_T1,LC81750752020052LGN00,32:02.3,76.9,L1TP,175,75,-22.73309,20.72342,-20.62166,22.96972,https://s3-us-west-2.amazonaws.com/landsat-pds/c1/L8/175/075/LC08_L1TP_175075_20200221_20200225_01_T1/index.html
64603,LC08_L1TP_175075_20200221_20200225_01_T1,LC81750752020052LGN00,32:02.3,76.9,L1TP,175,75,-22.73309,20.72342,-20.62166,22.96972,https://s3-us-west-2.amazonaws.com/landsat-pds/c1/L8/175/075/LC08_L1TP_175075_20200221_20200225_01_T1/index.html
65667,LC08_L1TP_175075_20200221_20200225_01_T1,LC81750752020052LGN00,32:02.3,76.9,L1TP,175,75,-22.73309,20.72342,-20.62166,22.96972,https://s3-us-west-2.amazonaws.com/landsat-pds/c1/L8/175/075/LC08_L1TP_175075_20200221_20200225_01_T1/index.html
50998,LC08_L1GT_070075_20200221_20200221_01_RT,LC80700752020052LGN00,43:06.6,17.06,L1GT,70,75,-22.73332,-177.04577,-20.62187,-174.79965,https://s3-us-west-2.amazonaws.com/landsat-pds/c1/L8/070/075/LC08_L1GT_070075_20200221_20200221_01_RT/index.html
51972,LC08_L1GT_093075_20200223_20200223_01_RT,LC80930752020054LGN00,05:14.8,99.73,L1GT,93,75,-22.7382,147.41271,-20.62138,149.67035,https://s3-us-west-2.amazonaws.com/landsat-pds/c1/L8/093/075/LC08_L1GT_093075_20200223_20200223_01_RT/index.html
52207,LC08_L1GT_093075_20200223_20200223_01_RT,LC80930752020054LGN00,05:14.8,99.73,L1GT,93,75,-22.7382,147.41271,-20.62138,149.67035,https://s3-us-west-2.amazonaws.com/landsat-pds/c1/L8/093/075/LC08_L1GT_093075_20200223_20200223_01_RT/index.html
52085,LC08_L1TP_109075_20200223_20200223_01_RT,LC81090752020054LGN00,44:07.8,0.09,L1TP,109,75,-22.73033,122.69713,-20.62161,124.94048,https://s3-us-west-2.amazonaws.com/landsat-pds/c1/L8/109/075/LC08_L1TP_109075_20200223_20200223_01_RT/index.html
52445,LC08_L1TP_109075_20200223_20200223_01_RT,LC81090752020054LGN00,44:07.8,0.09,L1TP,109,75,-22.73033,122.69713,-20.62161,124.94048,https://s3-us-west-2.amazonaws.com/landsat-pds/c1/L8/109/075/LC08_L1TP_109075_20200223_20200223_01_RT/index.html
59940,LC08_L1TP_109075_20200223_20200225_01_T1,LC81090752020054LGN00,44:07.8,0.09,L1TP,109,75,-22.73033,122.69713,-20.62161,124.94048,https://s3-us-west-2.amazonaws.com/landsat-pds/c1/L8/109/075/LC08_L1TP_109075_20200223_20200225_01_T1/index.html
63393,LC08_L1TP_109075_20200223_20200225_01_T1,LC81090752020054LGN00,44:07.8,0.09,L1TP,109,75,-22.73033,122.69713,-20.62161,124.94048,https://s3-us-west-2.amazonaws.com/landsat-pds/c1/L8/109/075/LC08_L1TP_109075_20200223_20200225_01_T1/index.html
54813,LC08_L1GT_171075_20200225_20200225_01_RT,LC81710752020056LGN00,07:17.9,97.52,L1GT,171,75,-22.7333,26.90164,-20.62184,29.15072,https://s3-us-west-2.amazonaws.com/landsat-pds/c1/L8/171/075/LC08_L1GT_171075_20200225_20200225_01_RT/index.html
58695,LC08_L1GT_171075_20200225_20200225_01_RT,LC81710752020056LGN00,07:17.9,97.52,L1GT,171,75,-22.7333,26.90164,-20.62184,29.15072,https://s3-us-west-2.amazonaws.com/landsat-pds/c1/L8/171/075/LC08_L1GT_171075_20200225_20200225_01_RT/index.html
59874,LC08_L1TP_105075_20200227_20200227_01_RT,LC81050752020058LGN00,19:23.3,2.67,L1TP,105,75,-22.73328,128.87534,-20.62183,131.12153,https://s3-us-west-2.amazonaws.com/landsat-pds/c1/L8/105/075/LC08_L1TP_105075_20200227_20200227_01_RT/index.html
63327,LC08_L1TP_105075_20200227_20200227_01_RT,LC81050752020058LGN00,19:23.3,2.67,L1TP,105,75,-22.73328,128.87534,-20.62183,131.12153,https://s3-us-west-2.amazonaws.com/landsat-pds/c1/L8/105/075/LC08_L1TP_105075_20200227_20200227_01_RT/index.html
79313,LC08_L1TP_105075_20200227_20200313_01_T1,LC81050752020058LGN00,19:23.3,2.67,L1TP,105,75,-22.73328,128.87534,-20.62183,131.12153,https://s3-us-west-2.amazonaws.com/landsat-pds/c1/L8/105/075/LC08_L1TP_105075_20200227_20200313_01_T1/index.html
65517,LC08_L1TP_233075_20200227_20200227_01_RT,LC82330752020058LGN00,30:27.5,2.99,L1TP,233,75,-22.736,-68.8925,-20.62184,-66.64198,https://s3-us-west-2.amazonaws.com/landsat-pds/c1/L8/233/075/LC08_L1TP_233075_20200227_20200227_01_RT/index.html
79578,LC08_L1TP_233075_20200227_20200313_01_T1,LC82330752020058LGN00,30:27.5,3,L1TP,233,75,-22.736,-68.8925,-20.62184,-66.64198,https://s3-us-west-2.amazonaws.com/landsat-pds/c1/L8/233/075/LC08_L1TP_233075_20200227_20200313_01_T1/index.html
68598,LC08_L1GT_167075_20200229_20200229_01_RT,LC81670752020060LGN00,42:33.3,99.41,L1GT,167,75,-22.73602,33.08158,-20.62185,35.33175,https://s3-us-west-2.amazonaws.com/landsat-pds/c1/L8/167/075/LC08_L1GT_167075_20200229_20200229_01_RT/index.html
68976,LC08_L1GT_062075_20200229_20200229_01_RT,LC80620752020060LGN00,53:37.5,17.43,L1GT,62,75,-22.73844,-164.69095,-20.62159,-162.43763,https://s3-us-west-2.amazonaws.com/landsat-pds/c1/L8/062/075/LC08_L1GT_062075_20200229_20200229_01_RT/index.html
69229,LC08_L1GT_078075_20200229_20200301_01_RT,LC80780752020060LGN00,32:30.4,47.41,L1GT,78,75,-22.73009,170.58903,-20.6214,172.83537,https://s3-us-west-2.amazonaws.com/landsat-pds/c1/L8/078/075/LC08_L1GT_078075_20200229_20200301_01_RT/index.html
69877,LC08_L1TP_101075_20200302_20200302_01_RT,LC81010752020062LGN00,54:38.6,98.5,L1TP,101,75,-22.73603,135.05567,-20.62186,137.30256,https://s3-us-west-2.amazonaws.com/landsat-pds/c1/L8/101/075/LC08_L1TP_101075_20200302_20200302_01_RT/index.html
84368,LC08_L1TP_101075_20200302_20200314_01_T1,LC81010752020062LGN00,54:38.6,98.5,L1TP,101,75,-22.73603,135.05567,-20.62186,137.30256,https://s3-us-west-2.amazonaws.com/landsat-pds/c1/L8/101/075/LC08_L1TP_101075_20200302_20200314_01_T1/index.html
69860,LC08_L1GT_101169_20200302_20200302_01_RT,LC81011692020062LGN00,32:11.8,-1,L1GT,101,169,-22.73491,-47.85509,-20.59625,-45.60088,https://s3-us-west-2.amazonaws.com/landsat-pds/c1/L8/101/169/LC08_L1GT_101169_20200302_20200302_01_RT/index.html
70350,LC08_L1TP_229075_20200302_20200302_01_RT,LC82290752020062LGN00,05:42.8,7.77,L1TP,229,75,-22.73849,-62.71398,-20.62163,-60.46097,https://s3-us-west-2.amazonaws.com/landsat-pds/c1/L8/229/075/LC08_L1TP_229075_20200302_20200302_01_RT/index.html
84688,LC08_L1TP_229075_20200302_20200314_01_T1,LC82290752020062LGN00,05:42.8,7.77,L1TP,229,75,-22.73849,-62.71398,-20.62163,-60.46097,https://s3-us-west-2.amazonaws.com/landsat-pds/c1/L8/229/075/LC08_L1TP_229075_20200302_20200314_01_T1/index.html
71566,LC08_L1GT_163075_20200304_20200304_01_RT,LC81630752020064LGN00,17:48.5,43.03,L1GT,163,75,-22.73853,39.2601,-20.62168,41.51276,https://s3-us-west-2.amazonaws.com/landsat-pds/c1/L8/163/075/LC08_L1GT_163075_20200304_20200304_01_RT/index.html
72798,LC08_L1TP_097075_20200306_20200306_01_RT,LC80970752020066LGN00,29:53.8,31.67,L1TP,97,75,-22.73858,141.23131,-20.62172,143.48358,https://s3-us-west-2.amazonaws.com/landsat-pds/c1/L8/097/075/LC08_L1TP_097075_20200306_20200306_01_RT/index.html
82592,LC08_L1TP_097075_20200306_20200314_01_T1,LC80970752020066LGN00,29:53.8,31.67,L1TP,97,75,-22.73858,141.23131,-20.62172,143.48358,https://s3-us-west-2.amazonaws.com/landsat-pds/c1/L8/097/075/LC08_L1TP_097075_20200306_20200314_01_T1/index.html
74680,LC08_L1TP_175075_20200308_20200308_01_RT,LC81750752020068LGN00,31:56.6,0.02,L1TP,175,75,-22.73038,20.7205,-20.62165,22.96384,https://s3-us-west-2.amazonaws.com/landsat-pds/c1/L8/175/075/LC08_L1TP_175075_20200308_20200308_01_RT/index.html
81898,LC08_L1TP_175075_20200308_20200314_01_T1,LC81750752020068LGN00,31:56.6,0.02,L1TP,175,75,-22.73038,20.7205,-20.62165,22.96384,https://s3-us-west-2.amazonaws.com/landsat-pds/c1/L8/175/075/LC08_L1TP_175075_20200308_20200314_01_T1/index.html
75010,LC08_L1TP_070075_20200308_20200308_01_RT,LC80700752020068LGN00,43:00.7,58.07,L1TP,70,75,-22.73332,-177.04869,-20.62186,-174.80257,https://s3-us-west-2.amazonaws.com/landsat-pds/c1/L8/070/075/LC08_L1TP_070075_20200308_20200308_01_RT/index.html
81703,LC08_L1TP_070075_20200308_20200314_01_T1,LC80700752020068LGN00,43:00.7,58.07,L1TP,70,75,-22.73332,-177.04869,-20.62186,-174.80257,https://s3-us-west-2.amazonaws.com/landsat-pds/c1/L8/070/075/LC08_L1TP_070075_20200308_20200314_01_T1/index.html
75857,LC08_L1TP_109075_20200310_20200310_01_RT,LC81090752020070LGN00,44:01.8,0.02,L1TP,109,75,-22.73033,122.69421,-20.62161,124.93756,https://s3-us-west-2.amazonaws.com/landsat-pds/c1/L8/109/075/LC08_L1TP_109075_20200310_20200310_01_RT/index.html
81134,LC08_L1TP_109075_20200310_20200314_01_T1,LC81090752020070LGN00,44:01.8,0.02,L1TP,109,75,-22.73033,122.69421,-20.62161,124.93756,https://s3-us-west-2.amazonaws.com/landsat-pds/c1/L8/109/075/LC08_L1TP_109075_20200310_20200314_01_T1/index.html
77583,LC08_L1TP_171075_20200312_20200312_01_RT,LC81710752020072LGN00,07:11.5,7.03,L1TP,171,75,-22.7333,26.90164,-20.62184,29.14781,https://s3-us-west-2.amazonaws.com/landsat-pds/c1/L8/171/075/LC08_L1TP_171075_20200312_20200312_01_RT/index.html
94929,LC08_L1TP_171075_20200312_20200325_01_T1,LC81710752020072LGN00,07:11.5,7.03,L1TP,171,75,-22.7333,26.90164,-20.62184,29.14781,https://s3-us-west-2.amazonaws.com/landsat-pds/c1/L8/171/075/LC08_L1TP_171075_20200312_20200325_01_T1/index.html
79797,LC08_L1TP_105075_20200314_20200314_01_RT,LC81050752020074LGN00,19:16.7,0,L1TP,105,75,-22.73328,128.87242,-20.62183,131.11861,https://s3-us-west-2.amazonaws.com/landsat-pds/c1/L8/105/075/LC08_L1TP_105075_20200314_20200314_01_RT/index.html
93349,LC08_L1TP_105075_20200314_20200325_01_T1,LC81050752020074LGN00,19:16.7,0,L1TP,105,75,-22.73328,128.87242,-20.62183,131.11861,https://s3-us-west-2.amazonaws.com/landsat-pds/c1/L8/105/075/LC08_L1TP_105075_20200314_20200325_01_T1/index.html
85111,LC08_L1TP_233075_20200314_20200316_01_RT,LC82330752020074LGN00,30:20.8,30.69,L1TP,233,75,-22.73601,-68.89538,-20.62184,-66.6449,https://s3-us-west-2.amazonaws.com/landsat-pds/c1/L8/233/075/LC08_L1TP_233075_20200314_20200316_01_RT/index.html
93658,LC08_L1TP_233075_20200314_20200325_01_T1,LC82330752020074LGN00,30:20.8,30.66,L1TP,233,75,-22.73601,-68.89538,-20.62184,-66.6449,https://s3-us-west-2.amazonaws.com/landsat-pds/c1/L8/233/075/LC08_L1TP_233075_20200314_20200325_01_T1/index.html
85841,LT08_L1GT_176075_20200315_20200316_01_RT,LT81760752020075LGN00,38:04.5,-1,L1GT,176,75,-22.73558,19.17234,-20.59894,21.38371,https://s3-us-west-2.amazonaws.com/landsat-pds/c1/L8/176/075/LT08_L1GT_176075_20200315_20200316_01_RT/index.html
86400,LC08_L1TP_167075_20200316_20200317_01_RT,LC81670752020076LGN00,42:26.3,42.56,L1TP,167,75,-22.73602,33.08158,-20.62185,35.33175,https://s3-us-west-2.amazonaws.com/landsat-pds/c1/L8/167/075/LC08_L1TP_167075_20200316_20200317_01_RT/index.html
101259,LC08_L1TP_167075_20200316_20200326_01_T1,LC81670752020076LGN00,42:26.3,42.55,L1TP,167,75,-22.73602,33.08158,-20.62185,35.33175,https://s3-us-west-2.amazonaws.com/landsat-pds/c1/L8/167/075/LC08_L1TP_167075_20200316_20200326_01_T1/index.html
86841,LC08_L1GT_062075_20200316_20200317_01_RT,LC80620752020076LGN00,53:30.4,100,L1GT,62,75,-22.73845,-164.69383,-20.6216,-162.43763,https://s3-us-west-2.amazonaws.com/landsat-pds/c1/L8/062/075/LC08_L1GT_062075_20200316_20200317_01_RT/index.html
86851,LC08_L1GT_078075_20200316_20200317_01_RT,LC80780752020076LGN00,32:23.3,49.58,L1GT,78,75,-22.73009,170.58903,-20.6214,172.83245,https://s3-us-west-2.amazonaws.com/landsat-pds/c1/L8/078/075/LC08_L1GT_078075_20200316_20200317_01_RT/index.html
87246,LC08_L1TP_101075_20200318_20200318_01_RT,LC81010752020078LGN00,54:31.4,0,L1TP,101,75,-22.73603,135.05279,-20.62186,137.30256,https://s3-us-west-2.amazonaws.com/landsat-pds/c1/L8/101/075/LC08_L1TP_101075_20200318_20200318_01_RT/index.html
99399,LC08_L1TP_101075_20200318_20200326_01_T1,LC81010752020078LGN00,54:31.4,0,L1TP,101,75,-22.73603,135.05279,-20.62186,137.30256,https://s3-us-west-2.amazonaws.com/landsat-pds/c1/L8/101/075/LC08_L1TP_101075_20200318_20200326_01_T1/index.html
87222,LC08_L1GT_101169_20200318_20200318_01_RT,LC81011692020078LGN00,32:04.6,-1,L1GT,101,169,-22.7349,-47.85801,-20.59621,-45.60381,https://s3-us-west-2.amazonaws.com/landsat-pds/c1/L8/101/169/LC08_L1GT_101169_20200318_20200318_01_RT/index.html
87876,LC08_L1TP_229075_20200318_20200318_01_RT,LC82290752020078LGN00,05:35.5,24.13,L1TP,229,75,-22.73849,-62.71686,-20.62164,-60.46097,https://s3-us-west-2.amazonaws.com/landsat-pds/c1/L8/229/075/LC08_L1TP_229075_20200318_20200318_01_RT/index.html
100349,LC08_L1TP_229075_20200318_20200326_01_T1,LC82290752020078LGN00,05:35.5,24.13,L1TP,229,75,-22.73849,-62.71686,-20.62164,-60.46097,https://s3-us-west-2.amazonaws.com/landsat-pds/c1/L8/229/075/LC08_L1TP_229075_20200318_20200326_01_T1/index.html
88915,LC08_L1GT_163075_20200320_20200320_01_RT,LC81630752020080LGN00,17:40.9,26.27,L1GT,163,75,-22.73853,39.2601,-20.62168,41.51276,https://s3-us-west-2.amazonaws.com/landsat-pds/c1/L8/163/075/LC08_L1GT_163075_20200320_20200320_01_RT/index.html
90107,LC08_L1TP_097075_20200322_20200322_01_RT,LC80970752020082LGN00,29:46.0,0.3,L1TP,97,75,-22.73858,141.23131,-20.62172,143.48649,https://s3-us-west-2.amazonaws.com/landsat-pds/c1/L8/097/075/LC08_L1TP_097075_20200322_20200322_01_RT/index.html
96819,LC08_L1TP_097075_20200322_20200326_01_T1,LC80970752020082LGN00,29:46.0,0.31,L1TP,97,75,-22.73858,141.23131,-20.62172,143.48649,https://s3-us-west-2.amazonaws.com/landsat-pds/c1/L8/097/075/LC08_L1TP_097075_20200322_20200326_01_T1/index.html
90986,LC08_L1GT_088075_20200322_20200323_01_RT,LC80880752020082LGN00,34:08.1,58.84,L1GT,88,75,-22.73015,155.13011,-20.61495,157.34168,https://s3-us-west-2.amazonaws.com/landsat-pds/c1/L8/088/075/LC08_L1GT_088075_20200322_20200323_01_RT/index.html
92069,LC08_L1TP_175075_20200324_20200324_01_RT,LC81750752020084LGN00,31:48.4,42.07,L1TP,175,75,-22.73309,20.7205,-20.62165,22.9668,https://s3-us-west-2.amazonaws.com/landsat-pds/c1/L8/175/075/LC08_L1TP_175075_20200324_20200324_01_RT/index.html
95972,LC08_L1TP_175075_20200324_20200326_01_T1,LC81750752020084LGN00,31:48.4,42.06,L1TP,175,75,-22.73309,20.7205,-20.62165,22.9668,https://s3-us-west-2.amazonaws.com/landsat-pds/c1/L8/175/075/LC08_L1TP_175075_20200324_20200326_01_T1/index.html
92328,LC08_L1TP_070075_20200324_20200324_01_RT,LC80700752020084LGN00,42:52.4,19.3,L1TP,70,75,-22.73332,-177.04869,-20.62186,-174.80257,https://s3-us-west-2.amazonaws.com/landsat-pds/c1/L8/070/075/LC08_L1TP_070075_20200324_20200324_01_RT/index.html
110976,LC08_L1TP_070075_20200324_20200409_01_T1,LC80700752020084LGN00,42:52.4,19.38,L1TP,70,75,-22.73332,-177.04869,-20.62186,-174.80257,https://s3-us-west-2.amazonaws.com/landsat-pds/c1/L8/070/075/LC08_L1TP_070075_20200324_20200409_01_T1/index.html
93808,LC08_L1TP_109075_20200326_20200326_01_RT,LC81090752020086LGN00,43:53.4,0.08,L1TP,109,75,-22.73033,122.69421,-20.62161,124.93756,https://s3-us-west-2.amazonaws.com/landsat-pds/c1/L8/109/075/LC08_L1TP_109075_20200326_20200326_01_RT/index.html
110119,LC08_L1TP_109075_20200326_20200409_01_T1,LC81090752020086LGN00,43:53.4,0.08,L1TP,109,75,-22.73033,122.69421,-20.62161,124.93756,https://s3-us-west-2.amazonaws.com/landsat-pds/c1/L8/109/075/LC08_L1TP_109075_20200326_20200409_01_T1/index.html
99053,LC08_L1TP_105075_20200330_20200330_01_RT,LC81050752020090LGN00,19:07.6,0,L1TP,105,75,-22.73328,128.87534,-20.62183,131.12153,https://s3-us-west-2.amazonaws.com/landsat-pds/c1/L8/105/075/LC08_L1TP_105075_20200330_20200330_01_RT/index.html
116424,LC08_L1TP_105075_20200330_20200409_01_T1,LC81050752020090LGN00,19:07.6,0,L1TP,105,75,-22.73328,128.87534,-20.62183,131.12153,https://s3-us-west-2.amazonaws.com/landsat-pds/c1/L8/105/075/LC08_L1TP_105075_20200330_20200409_01_T1/index.html
116620,LC08_L1TP_233075_20200330_20200410_01_T1,LC82330752020090LGN00,30:11.6,10.63,L1TP,233,75,-22.736,-68.8925,-20.62184,-66.64198,https://s3-us-west-2.amazonaws.com/landsat-pds/c1/L8/233/075/LC08_L1TP_233075_20200330_20200410_01_T1/index.html
102602,LC08_L1TP_167075_20200401_20200401_01_RT,LC81670752020092LGN00,42:16.9,14.33,L1TP,167,75,-22.73602,33.08446,-20.62185,35.33467,https://s3-us-west-2.amazonaws.com/landsat-pds/c1/L8/167/075/LC08_L1TP_167075_20200401_20200401_01_RT/index.html
115933,LC08_L1TP_167075_20200401_20200410_01_T1,LC81670752020092LGN00,42:16.9,14.33,L1TP,167,75,-22.73602,33.08446,-20.62185,35.33467,https://s3-us-west-2.amazonaws.com/landsat-pds/c1/L8/167/075/LC08_L1TP_167075_20200401_20200410_01_T1/index.html
103276,LC08_L1GT_062075_20200401_20200401_01_RT,LC80620752020092LGN00,53:20.9,5.27,L1GT,62,75,-22.73844,-164.68806,-20.6243,-162.43471,https://s3-us-west-2.amazonaws.com/landsat-pds/c1/L8/062/075/LC08_L1GT_062075_20200401_20200401_01_RT/index.html
104456,LC08_L1GT_078075_20200401_20200402_01_RT,LC80780752020092LGN00,32:13.8,91.83,L1GT,78,75,-22.7301,170.59196,-20.6214,172.83829,https://s3-us-west-2.amazonaws.com/landsat-pds/c1/L8/078/075/LC08_L1GT_078075_20200401_20200402_01_RT/index.html
103416,LC08_L1TP_101075_20200403_20200403_01_RT,LC81010752020094LGN00,54:21.8,24.19,L1TP,101,75,-22.73603,135.05855,-20.62186,137.30548,https://s3-us-west-2.amazonaws.com/landsat-pds/c1/L8/101/075/LC08_L1TP_101075_20200403_20200403_01_RT/index.html
114156,LC08_L1TP_101075_20200403_20200410_01_T1,LC81010752020094LGN00,54:21.8,24.19,L1TP,101,75,-22.73603,135.05855,-20.62186,137.30548,https://s3-us-west-2.amazonaws.com/landsat-pds/c1/L8/101/075/LC08_L1TP_101075_20200403_20200410_01_T1/index.html
103432,LC08_L1GT_101169_20200403_20200403_01_RT,LC81011692020094LGN00,31:55.1,-1,L1GT,101,169,-22.7349,-47.85801,-20.59621,-45.60381,https://s3-us-west-2.amazonaws.com/landsat-pds/c1/L8/101/169/LC08_L1GT_101169_20200403_20200403_01_RT/index.html
104390,LC08_L1TP_229075_20200403_20200403_01_RT,LC82290752020094LGN00,05:26.0,19.32,L1TP,229,75,-22.73849,-62.71398,-20.62163,-60.45805,https://s3-us-west-2.amazonaws.com/landsat-pds/c1/L8/229/075/LC08_L1TP_229075_20200403_20200403_01_RT/index.html
114964,LC08_L1TP_229075_20200403_20200410_01_T1,LC82290752020094LGN00,05:26.0,19.32,L1TP,229,75,-22.73849,-62.71398,-20.62163,-60.45805,https://s3-us-west-2.amazonaws.com/landsat-pds/c1/L8/229/075/LC08_L1TP_229075_20200403_20200410_01_T1/index.html
105770,LC08_L1GT_163075_20200405_20200405_01_RT,LC81630752020096LGN00,17:31.8,11.27,L1GT,163,75,-22.73853,39.2601,-20.62168,41.51568,https://s3-us-west-2.amazonaws.com/landsat-pds/c1/L8/163/075/LC08_L1GT_163075_20200405_20200405_01_RT/index.html
106357,LC08_L1TP_097075_20200407_20200407_01_RT,LC80970752020098LGN00,29:37.2,0.01,L1TP,97,75,-22.73858,141.23131,-20.62172,143.48358,https://s3-us-west-2.amazonaws.com/landsat-pds/c1/L8/097/075/LC08_L1TP_097075_20200407_20200407_01_RT/index.html
112105,LC08_L1TP_097075_20200407_20200410_01_T1,LC80970752020098LGN00,29:37.2,0.01,L1TP,97,75,-22.73858,141.23131,-20.62172,143.48358,https://s3-us-west-2.amazonaws.com/landsat-pds/c1/L8/097/075/LC08_L1TP_097075_20200407_20200410_01_T1/index.html
109652,LC08_L1TP_175075_20200409_20200409_01_RT,LC81750752020100LGN00,31:40.2,56.79,L1TP,175,75,-22.73308,20.71758,-20.62165,22.96096,https://s3-us-west-2.amazonaws.com/landsat-pds/c1/L8/175/075/LC08_L1TP_175075_20200409_20200409_01_RT/index.html
130210,LC08_L1TP_175075_20200409_20200422_01_T1,LC81750752020100LGN00,31:40.2,56.8,L1TP,175,75,-22.73308,20.71758,-20.62165,22.96096,https://s3-us-west-2.amazonaws.com/landsat-pds/c1/L8/175/075/LC08_L1TP_175075_20200409_20200422_01_T1/index.html
109425,LC08_L1TP_070075_20200409_20200410_01_RT,LC80700752020100LGN00,42:44.3,9.51,L1TP,70,75,-22.73332,-177.05162,-20.62186,-174.80549,https://s3-us-west-2.amazonaws.com/landsat-pds/c1/L8/070/075/LC08_L1TP_070075_20200409_20200410_01_RT/index.html
111621,LC08_L1TP_093075_20200411_20200411_01_RT,LC80930752020102LGN00,04:52.5,1.5,L1TP,93,75,-22.73822,147.40408,-20.62411,149.6616,https://s3-us-west-2.amazonaws.com/landsat-pds/c1/L8/093/075/LC08_L1TP_093075_20200411_20200411_01_RT/index.html
126826,LC08_L1TP_093075_20200411_20200422_01_T1,LC80930752020102LGN00,04:52.5,1.5,L1TP,93,75,-22.73822,147.40408,-20.62411,149.6616,https://s3-us-west-2.amazonaws.com/landsat-pds/c1/L8/093/075/LC08_L1TP_093075_20200411_20200422_01_T1/index.html
111689,LC08_L1TP_109075_20200411_20200411_01_RT,LC81090752020102LGN00,43:45.5,0.06,L1TP,109,75,-22.73032,122.68837,-20.6216,124.93464,https://s3-us-west-2.amazonaws.com/landsat-pds/c1/L8/109/075/LC08_L1TP_109075_20200411_20200411_01_RT/index.html
127052,LC08_L1TP_109075_20200411_20200422_01_T1,LC81090752020102LGN00,43:45.5,0.06,L1TP,109,75,-22.73032,122.68837,-20.6216,124.93464,https://s3-us-west-2.amazonaws.com/landsat-pds/c1/L8/109/075/LC08_L1TP_109075_20200411_20200422_01_T1/index.html
117269,LC08_L1TP_171075_20200413_20200413_01_RT,LC81710752020104LGN00,06:55.3,0,L1TP,171,75,-22.7333,26.89579,-20.62184,29.14197,https://s3-us-west-2.amazonaws.com/landsat-pds/c1/L8/171/075/LC08_L1TP_171075_20200413_20200413_01_RT/index.html
128126,LC08_L1TP_171075_20200413_20200422_01_T1,LC81710752020104LGN00,06:55.3,0,L1TP,171,75,-22.7333,26.89579,-20.62184,29.14197,https://s3-us-west-2.amazonaws.com/landsat-pds/c1/L8/171/075/LC08_L1TP_171075_20200413_20200422_01_T1/index.html
118329,LC08_L1TP_105075_20200415_20200415_01_RT,LC81050752020106LGN00,19:00.6,0,L1TP,105,75,-22.73327,128.86658,-20.62182,131.11277,https://s3-us-west-2.amazonaws.com/landsat-pds/c1/L8/105/075/LC08_L1TP_105075_20200415_20200415_01_RT/index.html
126988,LC08_L1TP_105075_20200415_20200423_01_T1,LC81050752020106LGN00,19:00.6,0,L1TP,105,75,-22.73327,128.86658,-20.62182,131.11277,https://s3-us-west-2.amazonaws.com/landsat-pds/c1/L8/105/075/LC08_L1TP_105075_20200415_20200423_01_T1/index.html
119053,LC08_L1TP_233075_20200415_20200415_01_RT,LC82330752020106LGN00,30:04.8,1.71,L1TP,233,75,-22.73601,-68.90114,-20.62184,-66.65073,https://s3-us-west-2.amazonaws.com/landsat-pds/c1/L8/233/075/LC08_L1TP_233075_20200415_20200415_01_RT/index.html
128965,LC08_L1TP_233075_20200415_20200423_01_T1,LC82330752020106LGN00,30:04.8,1.71,L1TP,233,75,-22.73601,-68.90114,-20.62184,-66.65073,https://s3-us-west-2.amazonaws.com/landsat-pds/c1/L8/233/075/LC08_L1TP_233075_20200415_20200423_01_T1/index.html
120159,LC08_L1TP_167075_20200417_20200417_01_RT,LC81670752020108LGN00,42:10.4,54.33,L1TP,167,75,-22.73602,33.07007,-20.62186,35.32008,https://s3-us-west-2.amazonaws.com/landsat-pds/c1/L8/167/075/LC08_L1TP_167075_20200417_20200417_01_RT/index.html
120342,LC08_L1GT_062075_20200417_20200417_01_RT,LC80620752020108LGN00,53:14.6,8.99,L1GT,62,75,-22.73847,-164.70246,-20.62161,-162.4493,https://s3-us-west-2.amazonaws.com/landsat-pds/c1/L8/062/075/LC08_L1GT_062075_20200417_20200417_01_RT/index.html
120656,LC08_L1GT_078075_20200417_20200418_01_RT,LC80780752020108LGN00,32:07.5,9.77,L1GT,78,75,-22.73006,170.57735,-20.62137,172.82369,https://s3-us-west-2.amazonaws.com/landsat-pds/c1/L8/078/075/LC08_L1GT_078075_20200417_20200418_01_RT/index.html
121380,LC08_L1TP_101075_20200419_20200419_01_T1,LC81010752020110LGN00,54:15.6,0,L1TP,101,75,-22.73603,135.04127,-20.62187,137.29089,https://s3-us-west-2.amazonaws.com/landsat-pds/c1/L8/101/075/LC08_L1TP_101075_20200419_20200419_01_T1/index.html
217229,LC08_L1TP_101075_20200419_20200508_01_T1,LC81010752020110LGN00,54:15.6,0,L1TP,101,75,-22.73603,135.04127,-20.62187,137.29089,https://s3-us-west-2.amazonaws.com/landsat-pds/c1/L8/101/075/LC08_L1TP_101075_20200419_20200508_01_T1/index.html
121299,LC08_L1GT_101169_20200419_20200419_01_RT,LC81011692020110LGN00,31:48.9,-1,L1GT,101,169,-22.73483,-47.87551,-20.59593,-45.62134,https://s3-us-west-2.amazonaws.com/landsat-pds/c1/L8/101/169/LC08_L1GT_101169_20200419_20200419_01_RT/index.html
121911,LC08_L1TP_229075_20200419_20200420_01_RT,LC82290752020110LGN00,05:19.7,0,L1TP,229,75,-22.73851,-62.72838,-20.62166,-60.47265,https://s3-us-west-2.amazonaws.com/landsat-pds/c1/L8/229/075/LC08_L1TP_229075_20200419_20200420_01_RT/index.html
144249,LC08_L1TP_229075_20200419_20200508_01_T1,LC82290752020110LGN00,05:19.7,0,L1TP,229,75,-22.73851,-62.72838,-20.62166,-60.47265,https://s3-us-west-2.amazonaws.com/landsat-pds/c1/L8/229/075/LC08_L1TP_229075_20200419_20200508_01_T1/index.html
122938,LC08_L1GT_163075_20200421_20200421_01_RT,LC81630752020112LGN00,17:25.3,20.09,L1GT,163,75,-22.73856,39.24571,-20.6217,41.50109,https://s3-us-west-2.amazonaws.com/landsat-pds/c1/L8/163/075/LC08_L1GT_163075_20200421_20200421_01_RT/index.html
124061,LC08_L1TP_097075_20200423_20200423_01_RT,LC80970752020114LGN00,29:30.4,0,L1TP,97,75,-22.7386,141.21691,-20.62173,143.4719,https://s3-us-west-2.amazonaws.com/landsat-pds/c1/L8/097/075/LC08_L1TP_097075_20200423_20200423_01_RT/index.html
141155,LC08_L1TP_097075_20200423_20200508_01_T1,LC80970752020114LGN00,29:30.4,0,L1TP,97,75,-22.7386,141.21691,-20.62173,143.4719,https://s3-us-west-2.amazonaws.com/landsat-pds/c1/L8/097/075/LC08_L1TP_097075_20200423_20200508_01_T1/index.html
131125,LC08_L1TP_159075_20200425_20200425_01_RT,LC81590752020116LGN00,52:40.0,9.85,L1TP,159,75,-22.73818,45.42136,-20.62407,47.6791,https://s3-us-west-2.amazonaws.com/landsat-pds/c1/L8/159/075/LC08_L1TP_159075_20200425_20200425_01_RT/index.html
154604,LC08_L1TP_159075_20200425_20200509_01_T1,LC81590752020116LGN00,52:40.0,9.85,L1TP,159,75,-22.73818,45.42136,-20.62407,47.6791,https://s3-us-west-2.amazonaws.com/landsat-pds/c1/L8/159/075/LC08_L1TP_159075_20200425_20200509_01_T1/index.html
131211,LC08_L1TP_175075_20200425_20200425_01_RT,LC81750752020116LGN00,31:33.0,3.84,L1TP,175,75,-22.73034,20.70297,-20.62162,22.94924,https://s3-us-west-2.amazonaws.com/landsat-pds/c1/L8/175/075/LC08_L1TP_175075_20200425_20200425_01_RT/index.html
154178,LC08_L1TP_175075_20200425_20200509_01_T1,LC81750752020116LGN00,31:33.0,3.84,L1TP,175,75,-22.73034,20.70297,-20.62162,22.94924,https://s3-us-west-2.amazonaws.com/landsat-pds/c1/L8/175/075/LC08_L1TP_175075_20200425_20200509_01_T1/index.html
131669,LC08_L1GT_070075_20200425_20200426_01_RT,LC80700752020116LGN00,42:37.1,61.46,L1GT,70,75,-22.73332,-177.06622,-20.62186,-174.81716,https://s3-us-west-2.amazonaws.com/landsat-pds/c1/L8/070/075/LC08_L1GT_070075_20200425_20200426_01_RT/index.html
132253,LC08_L1TP_093075_20200427_20200427_01_RT,LC80930752020118LGN00,04:45.1,11.44,L1TP,93,75,-22.73825,147.39255,-20.62143,149.64992,https://s3-us-west-2.amazonaws.com/landsat-pds/c1/L8/093/075/LC08_L1TP_093075_20200427_20200427_01_RT/index.html
152386,LC08_L1TP_093075_20200427_20200509_01_T1,LC80930752020118LGN00,04:45.1,11.44,L1TP,93,75,-22.73825,147.39255,-20.62143,149.64992,https://s3-us-west-2.amazonaws.com/landsat-pds/c1/L8/093/075/LC08_L1TP_093075_20200427_20200509_01_T1/index.html
132327,LC08_L1TP_109075_20200427_20200427_01_RT,LC81090752020118LGN00,43:38.1,6.76,L1TP,109,75,-22.73029,122.67668,-20.62158,124.92004,https://s3-us-west-2.amazonaws.com/landsat-pds/c1/L8/109/075/LC08_L1TP_109075_20200427_20200427_01_RT/index.html
152801,LC08_L1TP_109075_20200427_20200509_01_T1,LC81090752020118LGN00,43:38.1,6.76,L1TP,109,75,-22.73029,122.67668,-20.62158,124.92004,https://s3-us-west-2.amazonaws.com/landsat-pds/c1/L8/109/075/LC08_L1TP_109075_20200427_20200509_01_T1/index.html
134646,LC08_L1TP_171075_20200429_20200430_01_RT,LC81710752020120LGN00,06:47.5,41.78,L1TP,171,75,-22.73329,26.88411,-20.62183,29.13029,https://s3-us-west-2.amazonaws.com/landsat-pds/c1/L8/171/075/LC08_L1TP_171075_20200429_20200430_01_RT/index.html
151286,LC08_L1TP_171075_20200429_20200509_01_T1,LC81710752020120LGN00,06:47.5,41.78,L1TP,171,75,-22.73329,26.88411,-20.62183,29.13029,https://s3-us-west-2.amazonaws.com/landsat-pds/c1/L8/171/075/LC08_L1TP_171075_20200429_20200509_01_T1/index.html
431721,LC08_L1GT_163075_20191231_20191231_01_RT,LC81630752019365LGN00,18:05.6,1,L1GT,163,75,-22.73852,39.26586,-20.62167,41.52152,https://s3-us-west-2.amazonaws.com/landsat-pds/c1/L8/163/075/LC08_L1GT_163075_20191231_20191231_01_RT/index.html
430462,LC08_L1TP_229075_20191229_20191229_01_RT,LC82290752019363LGN00,05:59.8,28.22,L1TP,229,75,-22.73848,-62.70822,-20.62162,-60.45514,https://s3-us-west-2.amazonaws.com/landsat-pds/c1/L8/229/075/LC08_L1TP_229075_20191229_20191229_01_RT/index.html
434855,LC08_L1TP_229075_20191229_20200111_01_T1,LC82290752019363LGN00,05:59.8,27.8,L1TP,229,75,-22.73848,-62.70822,-20.62162,-60.45514,https://s3-us-west-2.amazonaws.com/landsat-pds/c1/L8/229/075/LC08_L1TP_229075_20191229_20200111_01_T1/index.html
429970,LC08_L1TP_101075_20191229_20191229_01_RT,LC81010752019363LGN00,54:55.6,0.01,L1TP,101,75,-22.73603,135.05855,-20.62186,137.3084,https://s3-us-west-2.amazonaws.com/landsat-pds/c1/L8/101/075/LC08_L1TP_101075_20191229_20191229_01_RT/index.html
434623,LC08_L1TP_101075_20191229_20200111_01_T1,LC81010752019363LGN00,54:55.6,0.01,L1TP,101,75,-22.73603,135.05855,-20.62186,137.3084,https://s3-us-west-2.amazonaws.com/landsat-pds/c1/L8/101/075/LC08_L1TP_101075_20191229_20200111_01_T1/index.html
429289,LC08_L1GT_078075_20191227_20191228_01_RT,LC80780752019361LGN00,32:47.3,37.8,L1GT,78,75,-22.73011,170.59488,-20.62141,172.84121,https://s3-us-west-2.amazonaws.com/landsat-pds/c1/L8/078/075/LC08_L1GT_078075_20191227_20191228_01_RT/index.html
429180,LC08_L1GT_062075_20191227_20191227_01_RT,LC80620752019361LGN00,53:54.4,55.54,L1GT,62,75,-22.73844,-164.68807,-20.62159,-162.43179,https://s3-us-west-2.amazonaws.com/landsat-pds/c1/L8/062/075/LC08_L1GT_062075_20191227_20191227_01_RT/index.html
428836,LC08_L1TP_167075_20191227_20191227_01_RT,LC81670752019361LGN00,42:50.1,1.04,L1TP,167,75,-22.73602,33.08446,-20.62185,35.33759,https://s3-us-west-2.amazonaws.com/landsat-pds/c1/L8/167/075/LC08_L1TP_167075_20191227_20191227_01_RT/index.html
432380,LC08_L1TP_167075_20191227_20200110_01_T1,LC81670752019361LGN00,42:50.1,1.07,L1TP,167,75,-22.73602,33.08446,-20.62185,35.33759,https://s3-us-west-2.amazonaws.com/landsat-pds/c1/L8/167/075/LC08_L1TP_167075_20191227_20200110_01_T1/index.html
425911,LC08_L1TP_233075_20191225_20191225_01_RT,LC82330752019359LGN00,30:44.3,5.68,L1TP,233,75,-22.736,-68.88962,-20.62184,-66.63906,https://s3-us-west-2.amazonaws.com/landsat-pds/c1/L8/233/075/LC08_L1TP_233075_20191225_20191225_01_RT/index.html
433180,LC08_L1TP_233075_20191225_20200110_01_T1,LC82330752019359LGN00,30:44.3,5.66,L1TP,233,75,-22.736,-68.88962,-20.62184,-66.63906,https://s3-us-west-2.amazonaws.com/landsat-pds/c1/L8/233/075/LC08_L1TP_233075_20191225_20200110_01_T1/index.html
425273,LC08_L1TP_105075_20191225_20191225_01_RT,LC81050752019359LGN00,19:40.0,0,L1TP,105,75,-22.73328,128.87826,-20.62183,131.12445,https://s3-us-west-2.amazonaws.com/landsat-pds/c1/L8/105/075/LC08_L1TP_105075_20191225_20191225_01_RT/index.html
432839,LC08_L1TP_105075_20191225_20200110_01_T1,LC81050752019359LGN00,19:40.0,0,L1TP,105,75,-22.73328,128.87826,-20.62183,131.12445,https://s3-us-west-2.amazonaws.com/landsat-pds/c1/L8/105/075/LC08_L1TP_105075_20191225_20200110_01_T1/index.html
424106,LC08_L1TP_171075_20191223_20191223_01_RT,LC81710752019357LGN00,07:34.5,66.98,L1TP,171,75,-22.7333,26.90456,-20.62185,29.15072,https://s3-us-west-2.amazonaws.com/landsat-pds/c1/L8/171/075/LC08_L1TP_171075_20191223_20191223_01_RT/index.html
433718,LC08_L1TP_171075_20191223_20200110_01_T1,LC81710752019357LGN00,07:34.5,67.01,L1TP,171,75,-22.7333,26.90456,-20.62185,29.15072,https://s3-us-west-2.amazonaws.com/landsat-pds/c1/L8/171/075/LC08_L1TP_171075_20191223_20200110_01_T1/index.html
431218,LC08_L1TP_175075_20191219_20191230_01_T1,LC81750752019353LGN00,32:18.8,32.66,L1TP,175,75,-22.73309,20.7205,-20.62165,22.9668,https://s3-us-west-2.amazonaws.com/landsat-pds/c1/L8/175/075/LC08_L1TP_175075_20191219_20191230_01_T1/index.html
435500,LC08_L1TP_175075_20191219_20201023_01_T1,LC81750752019353LGN01,32:18.8,32.52,L1TP,175,75,-22.73309,20.7205,-20.62165,22.9668,https://s3-us-west-2.amazonaws.com/landsat-pds/c1/L8/175/075/LC08_L1TP_175075_20191219_20201023_01_T1/index.html
417808,LC08_L1TP_097075_20191217_20191217_01_RT,LC80970752019351LGN00,30:15.5,0,L1TP,97,75,-22.73858,141.23131,-20.62172,143.48649,https://s3-us-west-2.amazonaws.com/landsat-pds/c1/L8/097/075/LC08_L1TP_097075_20191217_20191217_01_RT/index.html
426908,LC08_L1TP_097075_20191217_20191226_01_T1,LC80970752019351LGN00,30:15.5,0,L1TP,97,75,-22.73858,141.23131,-20.62172,143.48649,https://s3-us-west-2.amazonaws.com/landsat-pds/c1/L8/097/075/LC08_L1TP_097075_20191217_20191226_01_T1/index.html
435904,LC08_L1TP_097075_20191217_20201023_01_T1,LC80970752019351LGN01,30:15.5,0,L1TP,97,75,-22.73858,141.23131,-20.62172,143.48649,https://s3-us-west-2.amazonaws.com/landsat-pds/c1/L8/097/075/LC08_L1TP_097075_20191217_20201023_01_T1/index.html
415362,LC08_L1GT_163075_20191215_20191215_01_RT,LC81630752019349LGN00,18:09.8,8.65,L1GT,163,75,-22.73853,39.2601,-20.62168,41.51276,https://s3-us-west-2.amazonaws.com/landsat-pds/c1/L8/163/075/LC08_L1GT_163075_20191215_20191215_01_RT/index.html
414406,LC08_L1TP_229075_20191213_20191213_01_RT,LC82290752019347LGN00,06:03.8,99.99,L1TP,229,75,-22.73849,-62.71686,-20.62164,-60.46097,https://s3-us-west-2.amazonaws.com/landsat-pds/c1/L8/229/075/LC08_L1TP_229075_20191213_20191213_01_RT/index.html
428558,LC08_L1TP_229075_20191213_20191226_01_T1,LC82290752019347LGN00,06:03.8,99.99,L1TP,229,75,-22.73849,-62.71686,-20.62164,-60.46097,https://s3-us-west-2.amazonaws.com/landsat-pds/c1/L8/229/075/LC08_L1TP_229075_20191213_20191226_01_T1/index.html
437545,LC08_L1TP_229075_20191213_20201023_01_T1,LC82290752019347LGN01,06:03.8,99.99,L1TP,229,75,-22.73849,-62.71686,-20.62164,-60.46097,https://s3-us-west-2.amazonaws.com/landsat-pds/c1/L8/229/075/LC08_L1TP_229075_20191213_20201023_01_T1/index.html
413787,LC08_L1TP_101075_20191213_20191213_01_RT,LC81010752019347LGN00,54:59.5,0.05,L1TP,101,75,-22.73603,135.05279,-20.62186,137.30256,https://s3-us-west-2.amazonaws.com/landsat-pds/c1/L8/101/075/LC08_L1TP_101075_20191213_20191213_01_RT/index.html
428270,LC08_L1TP_101075_20191213_20191226_01_T1,LC81010752019347LGN00,54:59.5,0.06,L1TP,101,75,-22.73603,135.05279,-20.62186,137.30256,https://s3-us-west-2.amazonaws.com/landsat-pds/c1/L8/101/075/LC08_L1TP_101075_20191213_20191226_01_T1/index.html
437152,LC08_L1TP_101075_20191213_20201023_01_T1,LC81010752019347LGN01,54:59.5,0.05,L1TP,101,75,-22.73603,135.05279,-20.62186,137.30256,https://s3-us-west-2.amazonaws.com/landsat-pds/c1/L8/101/075/LC08_L1TP_101075_20191213_20201023_01_T1/index.html
413150,LC08_L1GT_078075_20191211_20191212_01_RT,LC80780752019345LGN00,32:51.0,17.14,L1GT,78,75,-22.73009,170.58903,-20.6214,172.83245,https://s3-us-west-2.amazonaws.com/landsat-pds/c1/L8/078/075/LC08_L1GT_078075_20191211_20191212_01_RT/index.html
412824,LC08_L1GT_062075_20191211_20191211_01_RT,LC80620752019345LGN00,53:58.0,85.65,L1GT,62,75,-22.73845,-164.69383,-20.6216,-162.43763,https://s3-us-west-2.amazonaws.com/landsat-pds/c1/L8/062/075/LC08_L1GT_062075_20191211_20191211_01_RT/index.html
412656,LC08_L1GT_167075_20191211_20191211_01_RT,LC81670752019345LGN00,42:53.7,100,L1GT,167,75,-22.73602,33.0787,-20.62185,35.33175,https://s3-us-west-2.amazonaws.com/landsat-pds/c1/L8/167/075/LC08_L1GT_167075_20191211_20191211_01_RT/index.html
411614,LC08_L1TP_233075_20191209_20191209_01_RT,LC82330752019343LGN00,30:47.6,2.44,L1TP,233,75,-22.73601,-68.89538,-20.62184,-66.6449,https://s3-us-west-2.amazonaws.com/landsat-pds/c1/L8/233/075/LC08_L1TP_233075_20191209_20191209_01_RT/index.html
418802,LC08_L1TP_233075_20191209_20191217_01_T1,LC82330752019343LGN00,30:47.6,2.44,L1TP,233,75,-22.73601,-68.89538,-20.62184,-66.6449,https://s3-us-west-2.amazonaws.com/landsat-pds/c1/L8/233/075/LC08_L1TP_233075_20191209_20191217_01_T1/index.html
410983,LC08_L1TP_105075_20191209_20191209_01_RT,LC81050752019343LGN00,19:43.2,0,L1TP,105,75,-22.73328,128.87242,-20.62183,131.11861,https://s3-us-west-2.amazonaws.com/landsat-pds/c1/L8/105/075/LC08_L1TP_105075_20191209_20191209_01_RT/index.html
418399,LC08_L1TP_105075_20191209_20191217_01_T1,LC81050752019343LGN00,19:43.2,0,L1TP,105,75,-22.73328,128.87242,-20.62183,131.11861,https://s3-us-west-2.amazonaws.com/landsat-pds/c1/L8/105/075/LC08_L1TP_105075_20191209_20191217_01_T1/index.html
409966,LC08_L1TP_171075_20191207_20191207_01_RT,LC81710752019341LGN00,07:37.4,71.29,L1TP,171,75,-22.7333,26.89872,-20.62184,29.14781,https://s3-us-west-2.amazonaws.com/landsat-pds/c1/L8/171/075/LC08_L1TP_171075_20191207_20191207_01_RT/index.html
419428,LC08_L1TP_171075_20191207_20191217_01_T1,LC81710752019341LGN00,07:37.4,71.29,L1TP,171,75,-22.7333,26.89872,-20.62184,29.14781,https://s3-us-west-2.amazonaws.com/landsat-pds/c1/L8/171/075/LC08_L1TP_171075_20191207_20191217_01_T1/index.html
408036,LC08_L1TP_109075_20191205_20191205_01_RT,LC81090752019339LGN00,44:26.8,0.82,L1TP,109,75,-22.73032,122.69129,-20.6216,124.93756,https://s3-us-west-2.amazonaws.com/landsat-pds/c1/L8/109/075/LC08_L1TP_109075_20191205_20191205_01_RT/index.html
419951,LC08_L1TP_109075_20191205_20191217_01_T1,LC81090752019339LGN00,44:26.8,0.82,L1TP,109,75,-22.73032,122.69129,-20.6216,124.93756,https://s3-us-west-2.amazonaws.com/landsat-pds/c1/L8/109/075/LC08_L1TP_109075_20191205_20191217_01_T1/index.html
407460,LC08_L1TP_070075_20191203_20191203_01_RT,LC80700752019337LGN00,43:25.3,35.21,L1TP,70,75,-22.73332,-177.05162,-20.62186,-174.80257,https://s3-us-west-2.amazonaws.com/landsat-pds/c1/L8/070/075/LC08_L1TP_070075_20191203_20191203_01_RT/index.html
420341,LC08_L1TP_070075_20191203_20191217_01_T1,LC80700752019337LGN00,43:25.3,35.2,L1TP,70,75,-22.73332,-177.05162,-20.62186,-174.80257,https://s3-us-west-2.amazonaws.com/landsat-pds/c1/L8/070/075/LC08_L1TP_070075_20191203_20191217_01_T1/index.html
405905,LC08_L1TP_175075_20191203_20191203_01_RT,LC81750752019337LGN00,32:21.0,71.5,L1TP,175,75,-22.73308,20.71758,-20.62165,22.96388,https://s3-us-west-2.amazonaws.com/landsat-pds/c1/L8/175/075/LC08_L1TP_175075_20191203_20191203_01_RT/index.html
420641,LC08_L1TP_175075_20191203_20191216_01_T1,LC81750752019337LGN00,32:21.0,71.5,L1TP,175,75,-22.73308,20.71758,-20.62165,22.96388,https://s3-us-west-2.amazonaws.com/landsat-pds/c1/L8/175/075/LC08_L1TP_175075_20191203_20191216_01_T1/index.html
401003,LC08_L1GT_088075_20191201_20191202_01_RT,LC80880752019335LGN00,34:39.9,24.44,L1GT,88,75,-22.73015,155.13011,-20.61224,157.34168,https://s3-us-west-2.amazonaws.com/landsat-pds/c1/L8/088/075/LC08_L1GT_088075_20191201_20191202_01_RT/index.html
400171,LC08_L1GT_097075_20191201_20191201_01_RT,LC80970752019335LGN00,30:17.3,99.36,L1GT,97,75,-22.73858,141.23131,-20.62172,143.48649,https://s3-us-west-2.amazonaws.com/landsat-pds/c1/L8/097/075/LC08_L1GT_097075_20191201_20191201_01_RT/index.html